motif_id	motif_alt_id	sequence_name	start	stop	strand	score	p-value	q-value	matched_sequence
MA0139.1	CTCF	chr:chr13_s:49757470_e:49757489	21	39	+	12.2951	1.28e-05	0.0059	CTGCCTGCTGATGGCAGCC
MA0139.1	CTCF	chr:chr2_s:3840133_e:3840152	21	39	-	12.1639	1.37e-05	0.0059	GAGCCACCTGATGGAGCCC
MA0139.1	CTCF	chr:chr7_s:133632640_e:133632659	21	39	+	11.6885	1.73e-05	0.0059	CTGCCTCTGGAGGTCACTG
MA0139.1	CTCF	chr:chr3_s:54790591_e:54790610	21	39	-	11.3934	2e-05	0.0059	AGCCCACTAGAGGAAACTC
MA0139.1	CTCF	chr:chr2_s:154624162_e:154624181	21	39	+	11.1967	2.19e-05	0.0059	ATGCCAGCTGGTGGTAGTG
MA0139.1	CTCF	chr:chr3_s:153652168_e:153652187	21	39	-	10.9508	2.46e-05	0.0059	GTGCCAGCGGATGGAGGAG
MA0139.1	CTCF	chr:chr11_s:5956078_e:5956097	21	39	-	10.8197	2.62e-05	0.0059	CTGCCGCCCGAGGGAGGCC
MA0139.1	CTCF	chr:chr9_s:74101823_e:74101842	21	39	-	10.7869	2.66e-05	0.0059	CATCCACCTGATGGTGGCC
MA0139.1	CTCF	chr:chr4_s:127022161_e:127022180	21	39	-	10.4918	3.05e-05	0.0059	CCGCCGGGAGGGGGCCCCT
MA0139.1	CTCF	chr:chr1_s:128367145_e:128367164	21	39	+	10.4098	3.17e-05	0.0059	TTTCCTCCTGATGGCAGAA
MA0139.1	CTCF	chr:chr6_s:40471331_e:40471350	21	39	-	10.2131	3.47e-05	0.0059	CCGCCGGCTGATGTCGCCG
MA0139.1	CTCF	chr:chr15_s:88295524_e:88295543	21	39	-	10.1639	3.55e-05	0.0059	GGGTCACCTGATGGCACAG
MA0139.1	CTCF	chr:chr5_s:125516047_e:125516066	21	39	-	10.0984	3.65e-05	0.0059	CAGACACCTGAGGGAACCC
MA0139.1	CTCF	chr:chr7_s:100881076_e:100881095	21	39	+	10.082	3.68e-05	0.0059	CGGCCGCTGGAGGACAGGA
MA0139.1	CTCF	chr:chr16_s:56153653_e:56153672	21	39	+	9.98361	3.85e-05	0.0059	TCCCCTCCGGGTGGAAGCA
MA0139.1	CTCF	chr:chr7_s:97344938_e:97344957	21	39	-	9.68852	4.39e-05	0.0059	GCACCTCCAGGTGTTAGTG
MA0139.1	CTCF	chr:chr14_s:28519411_e:28519430	21	39	+	9.57377	4.62e-05	0.0059	GTCACAGTAGAGGTCACCA
MA0139.1	CTCF	chr:chr14_s:55545373_e:55545392	21	39	+	9.54098	4.69e-05	0.0059	CTTCCGCCTGGTGTCACCA
MA0139.1	CTCF	chr:chr3_s:144418917_e:144418936	21	39	-	9.54098	4.69e-05	0.0059	CCTCCTCCAGGGGAAAGGG
MA0139.1	CTCF	chr:chr7_s:133162262_e:133162281	21	39	+	9.4918	4.79e-05	0.0059	AGGCCAGCTGATGGAAGGC
MA0139.1	CTCF	chr:chr2_s:18221059_e:18221078	21	39	-	9.4918	4.79e-05	0.0059	TTGCAGCCAGATGGTGGTA
MA0139.1	CTCF	chr:chr8_s:71375791_e:71375810	21	39	-	9.39344	5.01e-05	0.0059	CCGCCTGCAGGTGGATGCT
MA0139.1	CTCF	chr:chr7_s:89903554_e:89903573	21	39	+	9.34426	5.11e-05	0.0059	CCTCCTGCAGATGGAGGGT
MA0139.1	CTCF	chr:chr12_s:30589129_e:30589148	21	39	-	9.34426	5.11e-05	0.0059	GAAACAGAAGAGGGAGCAG
MA0139.1	CTCF	chr:chr3_s:11083624_e:11083643	21	39	-	9.32787	5.15e-05	0.0059	GTGCCAGGTGATGGCAGAA
MA0139.1	CTCF	chr:chr8_s:16716934_e:16716953	21	39	+	9.31148	5.19e-05	0.0059	TGGCCTCCTGGTAGCAGCC
MA0139.1	CTCF	chr:chr7_s:143159278_e:143159297	21	39	+	9.31148	5.19e-05	0.0059	CTGCCTGCTGGGGGTGGTT
MA0139.1	CTCF	chr:chr13_s:23764587_e:23764606	21	39	-	9.29508	5.23e-05	0.0059	ACACCTGGAGAGGGTAGCG
MA0139.1	CTCF	chr:chr10_s:64075306_e:64075325	21	39	-	9.27869	5.26e-05	0.0059	TGGCCGGAAGAAGTTGCCA
MA0139.1	CTCF	chr:chr5_s:75173533_e:75173552	21	39	-	9.2623	5.3e-05	0.0059	GTGCCTCTGGGGGACAGTC
MA0139.1	CTCF	chr:chr16_s:3743928_e:3743947	21	39	-	9.22951	5.38e-05	0.0059	GGGCCTCCAGGTGGGGAAG
MA0139.1	CTCF	chr:chr5_s:112422808_e:112422827	21	39	-	9.19672	5.46e-05	0.0059	GGTCCAGCTGGTGGTGACG
MA0139.1	CTCF	chr:chr10_s:41291282_e:41291301	21	39	-	9.16393	5.53e-05	0.0059	CAGGCTCCTGGTGGCAGTG
MA0139.1	CTCF	chr:chr4_s:44705523_e:44705542	21	39	+	9.09836	5.69e-05	0.0059	TGGCCACCTGGTAGAGGAA
MA0139.1	CTCF	chr:chr1_s:160197509_e:160197528	21	39	+	9.08197	5.73e-05	0.0059	AAGCCACAAGAGAGAGGTC
MA0139.1	CTCF	chr:chr3_s:63546853_e:63546872	21	39	+	9.08197	5.73e-05	0.0059	GTGCCACCAGATGCCAAAC
MA0139.1	CTCF	chr:chr15_s:74759468_e:74759487	21	39	+	9.06557	5.78e-05	0.0059	GCTCCTGTAGGAGGAACTC
MA0139.1	CTCF	chr:chr8_s:18942052_e:18942071	21	39	+	9.06557	5.78e-05	0.0059	CCTCCTGCAGGTGCAGCTG
MA0139.1	CTCF	chr:chr9_s:96887023_e:96887042	21	39	-	9.04918	5.82e-05	0.0059	CTGCCTGCTGATGGAGGAA
MA0139.1	CTCF	chr:chr18_s:5157953_e:5157972	21	39	-	8.98361	5.98e-05	0.0059	GTGCCTCCAGATGGTTGTG
MA0139.1	CTCF	chr:chr15_s:100456055_e:100456074	21	39	-	8.98361	5.98e-05	0.0059	GTGGCAGCAGGTGAAGCTC
MA0139.1	CTCF	chr:chr1_s:161735161_e:161735180	21	39	-	8.93443	6.11e-05	0.0059	AGTCCTCTGGAGGGCGAAG
MA0139.1	CTCF	chr:chr1_s:184790806_e:184790825	21	39	+	8.88525	6.24e-05	0.0059	TTGCCACGTGATGGAAGAG
MA0139.1	CTCF	chr:chr3_s:146181388_e:146181407	21	39	-	8.80328	6.47e-05	0.00597	GGTCCAGATGAGGGTACTG
MA0139.1	CTCF	chr:chr13_s:44295517_e:44295536	21	39	+	8.40984	7.65e-05	0.00632	AAGCCAGCTGATGGAAACG
MA0139.1	CTCF	chr:chr5_s:91413459_e:91413478	21	39	+	8.37705	7.75e-05	0.00632	TCTTCTGCTGGTGGCACTA
MA0139.1	CTCF	chr:chr5_s:136261307_e:136261326	21	39	+	8.29508	8.03e-05	0.00632	TGTCCAGTGGTGGGTAGCA
MA0139.1	CTCF	chr:chr8_s:71375791_e:71375810	26	44	+	8.21311	8.31e-05	0.00632	CCACCTGCAGGCGGCCCAG
MA0139.1	CTCF	chr:chr12_s:86999732_e:86999751	21	39	+	8.14754	8.54e-05	0.00632	CAGCCAGCTGCTGGCGCCT
MA0139.1	CTCF	chr:chr9_s:74101823_e:74101842	23	41	+	8.14754	8.54e-05	0.00632	CCACCATCAGGTGGATGCC
MA0139.1	CTCF	chr:chr16_s:3743928_e:3743947	23	41	+	8.11475	8.65e-05	0.00632	TCCCCACCTGGAGGCCCCG
MA0139.1	CTCF	chr:chr11_s:106268102_e:106268121	21	39	+	8.08197	8.77e-05	0.00632	TGGCCTCAAGAGAGTACAG
MA0139.1	CTCF	chr:chr4_s:127022161_e:127022180	13	31	+	8.06557	8.83e-05	0.00632	GCACCACCAGGGGCCCCCT
MA0139.1	CTCF	chr:chr13_s:73070689_e:73070708	21	39	+	8.04918	8.89e-05	0.00632	TGGCAGCTAGGGGGAAAAA
MA0139.1	CTCF	chr:chr2_s:58698843_e:58698862	21	39	-	8.04918	8.89e-05	0.00632	TAATCACCAGATGTTGCCT
MA0139.1	CTCF	chr:chr8_s:18942052_e:18942071	35	53	-	8.04918	8.89e-05	0.00632	CTCCCAGCTGGGGACAGCT
MA0139.1	CTCF	chr:chr12_s:86999732_e:86999751	32	50	-	8.03279	8.95e-05	0.00632	TGGGCCCTGGGAGGCGCCA
MA0139.1	CTCF	chr:chr1_s:161735161_e:161735180	24	42	+	7.96721	9.2e-05	0.00632	CGCCCTCCAGAGGACTCAC
MA0139.1	CTCF	chr:chr2_s:18221059_e:18221078	18	36	-	7.96721	9.2e-05	0.00632	CAGCCAGATGGTGGTAACC
MA0139.1	CTCF	chr:chr7_s:133632640_e:133632659	18	36	-	7.93443	9.33e-05	0.00632	TGACCTCCAGAGGCAGTTC
MA0139.1	CTCF	chr:chr7_s:131370656_e:131370675	21	39	-	7.88525	9.52e-05	0.00634	GGGCTGCCAGGTGGCAGCT
MA0139.1	CTCF	chr:chr3_s:146181388_e:146181407	35	53	+	7.77049	9.98e-05	0.00654	GGACCACAAGAGGATCCTA

# FIMO (Find Individual Motif Occurrences): Version 5.5.4 compiled on Oct  3 2023 at 16:32:18
# The format of this file is described at https://meme-suite.org/meme/doc/fimo-output-format.html#tsv_results.
# fimo --no-pgc MA0139.1.meme filtered_base_mouse_ctcf_mismatched_with_flanks.fasta
